search_title,url,search_snippet,page_title,h1,meta_description,main_text,top_keywords,sentiment_score,sentiment_label,topic_cluster,source
Best Python tutorial for beginners in 2024? : r/learnpython,www.reddit.com,This coursehttps://www.py4e.com/lessonsis one of the best courses I have ever seen on python. CS50 is also very good.,Best Python tutorial for beginners in 2024? : r/learnpython,Best Python tutorial for beginners in 2024?,,"Subreddit for posting questions and asking for general advice about all topics related to learning python.
Best Python tutorial for beginners in 2024?
Need some advice here. I tried to learn Python multiple times but quit in the middle, part of the reason was when I encountered hard problems, I couldn't get enough help by self-learning.
But now with the help of GPT and copilot, beginners can get their questions answered at anytime without waiting for humans to help. That gives me a lot more moti","['help', 'questions', 'advice', 'python', 'beginners']",0.1572916666666666,Neutral,0,www.reddit.com
Best Python Courses & Certificates Online [2025],www.coursera.org,"In summary, here are 10 of our most popular python courses ·Python for Data Science, AI & Development: IBM· Crash Course on Python: Google · DeepLearning.AI Data ...",Best Python Courses & Certificates Online [2025] | Coursera,,Looking to learn Python? Explore and compare Python courses and certificates from leading universities and companies. Find the best fit — enroll for free and start today.,"Filter by
SubjectRequired
LanguageRequired
The language used throughout the course, in both instruction and assessments.
Learning ProductRequired
LevelRequired
DurationRequired
SkillsRequired
SubtitlesRequired
EducatorRequired
Find the Best Python Course for Your Goals
- Status: Free Trial
Skills you'll gain: Jupyter, Python Programming, Data Structures, Web Scraping, Data Manipulation, Programming Principles, Pandas (Python Package), Computer Programming, Object Oriented Programming (OOP), Rest","['programming', 'python', 'data', 'course', 'subtitlesrequired']",0.7,Positive,2,www.coursera.org
10 Best Online Courses for Learning Python in 2024,pesto.tech,,10 Best Online Courses for Learning Python in 2024,10 Best Online Courses for Learning Python in 2024,"Discover the top 10 online courses for learning Python in 2024. From beginner to advanced, these courses cover everything you need to master Python programming.","Python is one of the most popular programming languages in the world, known for its simplicity and versatility. In this blog, we'll explore the top 10 online courses for learning Python in 2024, covering various levels and specializations.
1. Python for Everybody - Coursera
Python for Everybody is a comprehensive introduction to Python, suitable for beginners. This course covers the basics of Python programming and includes practical exercises to reinforce learning. It is ideal for those new to ","['python', 'everybody', 'python everybody', 'learning', 'programming']",0.4551948051948052,Positive,3,pesto.tech
Is Learning Python Still Worth It In 2024? | Professor's Take - YouTube,www.youtube.com,,Is Learning Python Still Worth It In 2024? | Professor's Take - YouTube,,GenAI tools changed the educational landscape and you might be wondering if learning python is still worth it today. We’ll explore the ever-changing tech lan...,"If playback doesn't begin shortly, try restarting your device.
•
You're signed out
Videos you watch may be added to the TV's watch history and influence TV recommendations. To avoid this, cancel and sign in to YouTube on your computer.
CancelConfirm
Share
An error occurred while retrieving sharing information. Please try again later.","['tv', 'try', 'watch', 'cancelconfirm share', 'shortly try']",0.0,Neutral,1,www.youtube.com
Python Courses & Certifications Online - Shiksha,www.shiksha.com,,Top Python Courses Online: 610 Latest Python Programs & Certifications @ Shiksha,Python Courses & Certifications Online,"Find best Python courses, programs, certifications, trainings & specialization at Shiksha Online. Compare 610 Python courses from top online Platforms & Institutes!","Python Courses & Certifications Online
Python is a popular, high-level, general-purpose programming language that is widely used for a variety of applications, including web development, data analysis, automation, artificial intelligence, and scientific computing. Python is known for its simplicity, readability, and ease of learning, making it an excellent choice for both beginners and experienced programmers.
Why to Learn Python?
- High Demand and Salaries: Python is one of the most in-demand p","['python', 'high', 'demand', 'variety applications', 'experienced']",0.3371428571428572,Positive,0,www.shiksha.com
How to Become a Python Developer (2025 Guide) - BrainStation,brainstation.io,,Just a moment...,brainstation.io,,"brainstation.io
Verifying you are human. This may take a few seconds.
brainstation.io needs to review the security of your connection before proceeding.
Verification successful
Waiting for brainstation.io to respond...
Enable JavaScript and cookies to continue","['brainstation', 'brainstation io', 'io', 'verifying human', 'verification successful']",0.1833333333333333,Neutral,1,brainstation.io
Top Python Courses Online - Updated [June 2025],www.udemy.com,The Complete Python Bootcamp From Zero to Hero in Python· Rating: 4.6 out of · reviews ; 100 Days of Code: The Complete Python Pro Bootcamp · Rating: 4.7 out of ...,Top Python Courses Online - Updated [June 2025],Python Courses,Level up your skills with a Python training course from Udemy. See why millions trust our real-world experts to help them become professional Python developers.,"Python Courses
Python is a versatile programming language known for its simplicity and readability. Learning Python boosts your ability to develop web applications, data analysis tools, and automation scripts, making it essential for many tech careers.
Looking to advance your skills in Python? We've got you.
Get everything you need to reach your goals in one convenient bundle.
- Top-rated courses
- Popular with learners just like you
- Guidance from real-world experts
Learn more about Python
Tak","['python', 'courses', 'learners just', 'convenient', 'courses python']",0.4,Positive,0,www.udemy.com
10 Best Online Courses for Learning Python in 2024,pesto.tech,10 Best Online Courses for Learning Python in 2024 ·1. Python for Everybody - Coursera· 2. Complete Python Bootcamp: Go from Zero to Hero - Udemy · 3. Python ...,10 Best Online Courses for Learning Python in 2024,10 Best Online Courses for Learning Python in 2024,"Discover the top 10 online courses for learning Python in 2024. From beginner to advanced, these courses cover everything you need to master Python programming.","Python is one of the most popular programming languages in the world, known for its simplicity and versatility. In this blog, we'll explore the top 10 online courses for learning Python in 2024, covering various levels and specializations.
1. Python for Everybody - Coursera
Python for Everybody is a comprehensive introduction to Python, suitable for beginners. This course covers the basics of Python programming and includes practical exercises to reinforce learning. It is ideal for those new to ","['python', 'everybody', 'python everybody', 'learning', 'programming']",0.4551948051948052,Positive,3,pesto.tech
10 Best Online Python Courses with Certificates [2025],www.geeksforgeeks.org,2 May 2025—10 Best Python Courses and Certifications ·1. Python Programming Foundation - Self Paced (GeeksforGeeks) · 2. Google IT Automation with Python ...,10 Best Online Python Courses with Certificates [2025] - GeeksforGeeks,10 Best Online Python Courses with Certificates [2025],"Your All-in-One Learning Portal: GeeksforGeeks is a comprehensive educational platform that empowers learners across domains-spanning computer science and programming, school education, upskilling, commerce, software tools, competitive exams, and more.","10 Best Online Python Courses with Certificates [2025]
We all know that Python, the most popular programming language is used by a huge community of developers. Because of Python's promising career and huge salary package, every one of us wants to dive deep into it and build a career in it. and for that, we need the best course or guide to begin our journey.
In this blog, we'll be covering the best Python courses and certifications in 2025. These courses are highly recommended and also provide y","['best', 'python', 'career', '2025', 'huge']",0.4963636363636364,Positive,4,www.geeksforgeeks.org
Google's Python Class | Python Education,developers.google.com,23 Jul 2024—Welcome toGoogle's Python Class-- this is a free class for people with a little bit of programming experience who want to learn Python.,,,,,"['youtube computer', 'general', 'exercises reinforce', 'experienced', 'experienced programmers']",0.0,Neutral,1,developers.google.com
Python Courses - Professional and Lifelong Learning,pll.harvard.edu,Python Courses; CS50: Introduction to Computer Science · Duration. 11 weeks long ; CS50's Web Programming with Python and JavaScript · Duration. 12 weeks long.,,,,,"['youtube computer', 'general', 'exercises reinforce', 'experienced', 'experienced programmers']",0.0,Neutral,1,pll.harvard.edu
How to Learn Python From Scratch in 2025: An Expert Guide,www.datacamp.com,"Discover how to learnPython in 2025, its applications, and the demand for Python skills. Start your Python journey today ​​with our comprehensive guide.",,,,,"['youtube computer', 'general', 'exercises reinforce', 'experienced', 'experienced programmers']",0.0,Neutral,1,www.datacamp.com
